filename,timestamp_seconds,x,y,width,height
keyframe_0000_00-00-00-000.jpg,0.0,334,108,843,460
keyframe_0001_00-00-01-969.jpg,1.9686333333333335,316,108,873,422
keyframe_0002_00-00-03-937.jpg,3.937266666666667,328,108,864,464
keyframe_0003_00-00-05-906.jpg,5.9059,334,108,850,468
keyframe_0004_00-00-07-875.jpg,7.874533333333334,331,108,869,460
keyframe_0005_00-00-09-843.jpg,9.843166666666667,331,108,853,460
keyframe_0006_00-00-11-812.jpg,11.8118,336,108,848,464
keyframe_0007_00-00-13-780.jpg,13.780433333333333,320,108,876,470
keyframe_0008_00-00-15-749.jpg,15.749066666666668,312,108,872,468
keyframe_0009_00-00-17-718.jpg,17.7177,336,108,848,436
keyframe_0010_00-00-19-686.jpg,19.686333333333334,336,107,862,461
keyframe_0011_00-00-21-655.jpg,21.654966666666667,320,107,864,439
keyframe_0012_00-00-23-624.jpg,23.6236,328,108,856,467
keyframe_0013_00-00-25-592.jpg,25.592233333333333,326,108,866,460
keyframe_0014_00-00-27-561.jpg,27.560866666666666,331,108,857,460
keyframe_0015_00-00-31-498.jpg,31.498133333333335,319,108,869,489
keyframe_0016_00-00-33-467.jpg,33.466766666666665,321,108,863,471
keyframe_0017_00-00-35-435.jpg,35.4354,332,108,876,504
keyframe_0018_00-00-37-404.jpg,37.40403333333333,336,108,856,452
keyframe_0019_00-00-39-373.jpg,39.37266666666667,331,108,854,476
keyframe_0020_00-00-41-341.jpg,41.341300000000004,334,108,870,475
keyframe_0021_00-00-43-310.jpg,43.30993333333333,336,108,856,468
keyframe_0022_00-00-45-279.jpg,45.27856666666667,325,107,861,501
keyframe_0023_00-00-47-247.jpg,47.2472,330,108,868,477
keyframe_0024_00-00-49-216.jpg,49.215833333333336,329,107,856,497
keyframe_0025_00-00-51-184.jpg,51.184466666666665,323,108,853,500
keyframe_0026_00-00-53-153.jpg,53.1531,297,108,887,422
keyframe_0027_00-00-55-122.jpg,55.12173333333333,280,108,904,422
keyframe_0029_00-00-59-059.jpg,59.059000000000005,313,108,873,500
keyframe_0030_00-01-01-028.jpg,61.027633333333334,315,108,867,500
keyframe_0031_00-01-02-996.jpg,62.99626666666667,313,107,865,488
keyframe_0032_00-01-04-965.jpg,64.9649,327,108,862,464
keyframe_0033_00-01-06-934.jpg,66.93353333333333,332,108,860,500
keyframe_0034_00-01-08-902.jpg,68.90216666666667,337,108,855,500
keyframe_0035_00-01-10-871.jpg,70.8708,331,107,861,501
keyframe_0036_00-01-12-839.jpg,72.83943333333333,327,107,865,461
keyframe_0037_00-01-16-777.jpg,76.7767,328,110,864,498
keyframe_0038_00-01-18-745.jpg,78.74533333333333,330,108,862,499
keyframe_0039_00-01-20-714.jpg,80.71396666666666,336,108,856,499
keyframe_0040_00-01-22-683.jpg,82.68260000000001,326,110,858,497
keyframe_0041_00-01-24-651.jpg,84.65123333333334,324,108,868,499
keyframe_0042_00-01-28-588.jpg,88.5885,322,108,866,502
keyframe_0043_00-01-30-557.jpg,90.55713333333334,321,109,871,498
keyframe_0044_00-01-34-494.jpg,94.4944,315,108,885,500
keyframe_0045_00-01-36-463.jpg,96.46303333333333,317,109,867,499
