index,timestamp_seconds,filename
0,0.0,sample_00000_00-00-00-000.jpg
1,2.0,sample_00001_00-00-02-000.jpg
2,4.0,sample_00002_00-00-04-000.jpg
3,6.0,sample_00003_00-00-06-000.jpg
4,8.0,sample_00004_00-00-08-000.jpg
5,10.0,sample_00005_00-00-10-000.jpg
6,12.0,sample_00006_00-00-12-000.jpg
7,14.0,sample_00007_00-00-14-000.jpg
8,16.0,sample_00008_00-00-16-000.jpg
9,18.0,sample_00009_00-00-18-000.jpg
10,20.0,sample_00010_00-00-20-000.jpg
11,22.0,sample_00011_00-00-22-000.jpg
12,24.0,sample_00012_00-00-24-000.jpg
13,26.0,sample_00013_00-00-26-000.jpg
14,28.0,sample_00014_00-00-28-000.jpg
15,30.0,sample_00015_00-00-30-000.jpg
16,32.0,sample_00016_00-00-32-000.jpg
17,34.0,sample_00017_00-00-34-000.jpg
18,36.0,sample_00018_00-00-36-000.jpg
19,38.0,sample_00019_00-00-38-000.jpg
20,40.0,sample_00020_00-00-40-000.jpg
21,42.0,sample_00021_00-00-42-000.jpg
22,44.0,sample_00022_00-00-44-000.jpg
23,46.0,sample_00023_00-00-46-000.jpg
